,Game Title,Game Category,Game Score,Number of Reviews,Price,Number of Installs,Developer,Play Store URL,Total Download Revenue ($)
0,Grand Theft Auto: San Andreas,GAME_ACTION,4.3,387897,6.99,1000000,Rockstar Games,https://play.google.com/store/apps/details?id=com.rockstargames.gtasa,6990000.0
1,Five Nights at Freddy's,GAME_ACTION,4.6,103826,2.99,1000000,Scott Cawthon,https://play.google.com/store/apps/details?id=com.scottgames.fivenightsatfreddys,2990000.0
2,Five Nights at Freddy's: SL,GAME_ACTION,4.5,17369,2.99,100000,Scott Cawthon,https://play.google.com/store/apps/details?id=com.scottgames.sisterlocation,299000.0
3,Hitman Sniper,GAME_ACTION,4.6,592148,0.99,10000000,SQUARE ENIX Ltd,https://play.google.com/store/apps/details?id=com.squareenixmontreal.hitmansniperandroid,9900000.0
4,Assassin's Creed Identity,GAME_ACTION,3.8,50021,1.99,500000,Ubisoft Entertainment,https://play.google.com/store/apps/details?id=com.ubisoft.assassinscreed.identity,995000.0
5,Five Nights at Freddy's 4,GAME_ACTION,4.6,21580,2.99,100000,Scott Cawthon,https://play.google.com/store/apps/details?id=com.scottgames.fnaf4,299000.0
6,Space Marshals,GAME_ACTION,4.8,7931,0.99,50000,Pixelbite,https://play.google.com/store/apps/details?id=com.pixelbite.sg,49500.0
7,Call of Duty:Black Ops Zombies,GAME_ACTION,4.2,14006,6.99,100000,"Activision Publishing, Inc.",https://play.google.com/store/apps/details?id=com.activision.boz,699000.0
8,Grand Theft Auto III,GAME_ACTION,4.0,96670,4.99,1000000,Rockstar Games,https://play.google.com/store/apps/details?id=com.rockstar.gta3,4990000.0
9,truTV Impractical Jokers Wheel of Doom,GAME_ACTION,4.3,170,2.99,5000,truTVnetwork,https://play.google.com/store/apps/details?id=com.turner.trutv.wheelofdoom,14950.000000000002
10,Teen Titans GO Figure!,GAME_ACTION,4.5,4578,3.99,50000,Cartoon Network,https://play.google.com/store/apps/details?id=com.turner.ttgfigures2,199500.0
11,Real Steel,GAME_ACTION,4.1,26201,0.99,500000,Reliance Big Entertainment (UK) Private Limited,https://play.google.com/store/apps/details?id=com.jumpgames.RealSteel,495000.0
12,Five Nights at Freddy's 3,GAME_ACTION,4.7,28214,2.99,100000,Scott Cawthon,https://play.google.com/store/apps/details?id=com.scottgames.fnaf3,299000.0
13,Downwell,GAME_ACTION,4.7,4561,2.99,100000,DevolverDigital,https://play.google.com/store/apps/details?id=com.devolver.downwell,299000.0
14,Bloons Supermonkey 2,GAME_ACTION,4.6,15580,0.99,500000,ninja kiwi,https://play.google.com/store/apps/details?id=com.ninjakiwi.supermonkey,495000.0
15,Bully: Anniversary Edition,GAME_ACTION,4.5,13488,6.99,100000,Rockstar Games,https://play.google.com/store/apps/details?id=com.rockstargames.bully,699000.0
16,LEGOÂ® Star Warsâ„¢:  TCS,GAME_ACTION,3.7,16810,6.99,100000,Warner Bros. International Enterprises,https://play.google.com/store/apps/details?id=com.wb.lego.tcs,699000.0
17,LEGO Â® Marvel Super Heroes,GAME_ACTION,4.1,16461,4.99,100000,Warner Bros. International Enterprises,https://play.google.com/store/apps/details?id=com.wb.lego.marvel,499000.0
18,Shadow of Death: Stickman Fighting - Dark Knight,GAME_ACTION,4.6,59018,0.99,1000000,Zonmob Game Studio,https://play.google.com/store/apps/details?id=com.Zonmob.Stickman.FightingGames.ShadowOfDeath,990000.0
19,GTA: Chinatown Wars,GAME_ACTION,4.3,25398,4.99,100000,Rockstar Games,https://play.google.com/store/apps/details?id=com.rockstargames.gtactw,499000.0
20,Battle of Vicksburg,GAME_ACTION,4.1,468,0.99,5000,Thorium Game Lab,https://play.google.com/store/apps/details?id=com.ThoriumGameLab.BattleOfVicksburg,4950.0
21,PPSSPP Gold - PSP emulator,GAME_ACTION,4.3,11153,4.99,100000,Henrik RydgÃ¥rd,https://play.google.com/store/apps/details?id=org.ppsspp.ppssppgold,499000.0
22,Zombieville USA 2,GAME_ACTION,4.6,1394,0.99,50000,Mika Mobile,https://play.google.com/store/apps/details?id=com.MikaMobile.Zombieville2,49500.0
23,Goat Simulator GoatZ,GAME_ACTION,4.1,7187,4.99,100000,Coffee Stain Publishing,https://play.google.com/store/apps/details?id=com.coffeestainstudios.goatsimulator.goatz,499000.0
24,Titan Quest,GAME_ACTION,4.5,11807,7.99,50000,HandyGames,https://play.google.com/store/apps/details?id=com.dotemu.titanquest,399500.0
25,Alien: Blackout,GAME_ADVENTURE,4.0,468,4.99,5000,D3 Go!,https://play.google.com/store/apps/details?id=com.D3Go.mendel,24950.0
26,Terraria.,GAME_ADVENTURE,4.3,231424,4.99,1000000,505 Games Srl,https://play.google.com/store/apps/details?id=com.and.games505.TerrariaPaid,4990000.0
27,Bendy and the Ink Machine,GAME_ADVENTURE,4.2,1090,6.99,10000,Joey Drew Studios,https://play.google.com/store/apps/details?id=com.jds.batim,69900.0
28,THE GALAXY: SURVIVOR,GAME_ADVENTURE,4.3,3300,1.49,10000,Invictus Studio,https://play.google.com/store/apps/details?id=com.ProjectTheGalaxy,14900.0
29,60 Seconds! Atomic Adventure,GAME_ADVENTURE,3.9,5733,3.99,100000,Robot Gentleman,https://play.google.com/store/apps/details?id=com.robotgentleman.game60seconds,399000.0
30,Don't Starve: Pocket Edition,GAME_ADVENTURE,4.4,22325,4.99,500000,Klei Entertainment Inc.,https://play.google.com/store/apps/details?id=com.kleientertainment.doNotStarvePocket,2495000.0
31,LEGOÂ® Jurassic Worldâ„¢,GAME_ADVENTURE,4.4,13703,4.99,100000,Warner Bros. International Enterprises,https://play.google.com/store/apps/details?id=com.wb.goog.legojurassicworld,499000.0
32,Portal Knights,GAME_ADVENTURE,4.3,5593,4.99,50000,505 Games Srl,https://play.google.com/store/apps/details?id=com.and.games505.portal_knights,249500.0
33,Angry Neighbor,GAME_ADVENTURE,4.4,2892,1.49,50000,Invictus Studio,https://play.google.com/store/apps/details?id=com.AngryNeighbor,74500.0
34,Thickety Creek,GAME_ADVENTURE,4.5,77,2.99,1000,"Fire Maple Games, LLC",https://play.google.com/store/apps/details?id=com.firemaplegames.Thickety_Creek,2990.0
35,Octodad: Dadliest Catch,GAME_ADVENTURE,4.4,4426,4.99,100000,Young Horses,https://play.google.com/store/apps/details?id=com.younghorses.octodad,499000.0
36,Sonic Runners Adventure - Fast Action Platformer,GAME_ADVENTURE,4.5,4525,2.99,50000,Gameloft,https://play.google.com/store/apps/details?id=com.gameloft.android.ANMP.GloftICHM,149500.0
37,Crashlands,GAME_ADVENTURE,4.8,13220,6.99,100000,Butterscotch Shenanigans,https://play.google.com/store/apps/details?id=com.bscotch.crashlands,699000.0
38,Castle of Illusion,GAME_ADVENTURE,4.2,36584,4.99,500000,Disney,https://play.google.com/store/apps/details?id=com.disney.castleofillusion_goo,2495000.0
39,Draw a Stickman: EPIC 2,GAME_ADVENTURE,4.4,5444,1.99,100000,Hitcents,https://play.google.com/store/apps/details?id=com.hitcents.drawastickmanepic2,199000.0
40,Live or Die: Survival Pro,GAME_ADVENTURE,4.2,19318,0.99,1000000,PRIDEGAMESSTUDIO OU PLC,https://play.google.com/store/apps/details?id=com.pgstudio.survivalpro,990000.0
41,Rusty Lake: Roots,GAME_ADVENTURE,4.9,8180,2.99,100000,Rusty Lake,https://play.google.com/store/apps/details?id=air.com.RustyLake.RustyLakeRoots,299000.0
42,Survivalcraft 2,GAME_ADVENTURE,4.5,5424,3.99,100000,Candy Rufus Games,https://play.google.com/store/apps/details?id=com.candyrufusgames.survivalcraft2,399000.0
43,Rusty Lake Hotel,GAME_ADVENTURE,4.8,9011,1.99,100000,Rusty Lake,https://play.google.com/store/apps/details?id=air.com.RustyLake.RustyLakeHotel,199000.0
44,LEGO Harry Potter: Years 1-4,GAME_ADVENTURE,4.1,4926,4.99,100000,Warner Bros. International Enterprises,https://play.google.com/store/apps/details?id=com.wb.goog.legohp1,499000.0
45,GTA: Liberty City Stories,GAME_ADVENTURE,4.4,10233,6.99,50000,Rockstar Games,https://play.google.com/store/apps/details?id=com.rockstargames.gtalcs,349500.0
46,FINAL FANTASY IX for Android,GAME_ADVENTURE,4.4,7410,20.99,100000,"SQUARE ENIX Co.,Ltd.",https://play.google.com/store/apps/details?id=com.square_enix.FFIXww.android_googleplay,2099000.0
47,Don't Starve: Shipwrecked,GAME_ADVENTURE,4.1,2573,4.99,50000,Klei Entertainment Inc.,https://play.google.com/store/apps/details?id=com.kleientertainment.doNotStarveShipwrecked,249500.0
48,CHUCHEL,GAME_ADVENTURE,4.3,598,4.99,10000,Amanita Design,https://play.google.com/store/apps/details?id=air.com.amanitadesign.chuchel.gp,49900.0
49,Sky Dancer Premium,GAME_ADVENTURE,4.5,2710,1.99,100000,TOPEBOX,https://play.google.com/store/apps/details?id=topebox.game.skydancer.premium,199000.0
50,Minecraft,GAME_ARCADE,4.5,2596589,6.99,10000000,Mojang,https://play.google.com/store/apps/details?id=com.mojang.minecraftpe,69900000.0
51,Geometry Dash,GAME_ARCADE,4.8,651477,1.99,1000000,RobTop Games,https://play.google.com/store/apps/details?id=com.robtopx.geometryjump,1990000.0
52,Grand Theft Auto: Vice City,GAME_ARCADE,4.3,132122,4.99,1000000,Rockstar Games,https://play.google.com/store/apps/details?id=com.rockstargames.gtavc,4990000.0
53,Ding Dong XL,GAME_ARCADE,4.8,152,0.99,5000,Nickervision Studios,https://play.google.com/store/apps/details?id=com.NVS.dingdongxl,4950.0
54,ePSXe for Android,GAME_ARCADE,4.5,35072,3.75,500000,epsxe software s.l.,https://play.google.com/store/apps/details?id=com.epsxe.ePSXe,1875000.0
55,Fruit Ninja Classic,GAME_ARCADE,4.3,85892,0.99,1000000,Halfbrick Studios,https://play.google.com/store/apps/details?id=com.halfbrick.fruitninja,990000.0
56,My OldBoy! - GBC Emulator,GAME_ARCADE,4.6,5106,3.99,100000,Fast Emulator,https://play.google.com/store/apps/details?id=com.fastemulator.gbc,399000.0
57,Pocket Godâ„¢,GAME_ARCADE,3.7,30430,0.99,500000,"Bolt Creative, Inc",https://play.google.com/store/apps/details?id=com.ngmoco.pocketgod,495000.0
58,Max Payne Mobile,GAME_ARCADE,4.2,31043,2.99,100000,Rockstar Games,https://play.google.com/store/apps/details?id=com.rockstar.maxpayne,299000.0
59,"Peace, Death!",GAME_ARCADE,4.7,5610,0.99,100000,AZAMATIKA,https://play.google.com/store/apps/details?id=cc.peacedeath.peacedeath,99000.0
60,Vector Full,GAME_ARCADE,4.2,35920,0.99,500000,NEKKI,https://play.google.com/store/apps/details?id=com.nekki.vector.paid,495000.0
61,SuperRetro16 ( SNES Emulator ),GAME_ARCADE,4.3,38564,3.99,1000000,Neutron Emulation,https://play.google.com/store/apps/details?id=com.bubblezapgames.supergnes,3990000.0
62,Retro N64 Pro - N64 Emulator,GAME_ARCADE,4.5,170,2.99,1000,Retro Game Emulators,https://play.google.com/store/apps/details?id=org.mupen64plusae.retron64.pro,2990.0
63,Retro NES Pro - NES Emulator,GAME_ARCADE,4.7,196,2.99,1000,Retro Game Emulators,https://play.google.com/store/apps/details?id=com.retrones.pro,2990.0
64,PAC-MAN Championship Edition DX,GAME_ARCADE,4.5,1892,1.99,10000,BANDAI NAMCO Entertainment America Inc.,https://play.google.com/store/apps/details?id=com.bandainamcoent.pacmancedx,19900.0
65,Worms 3,GAME_ARCADE,4.2,67904,4.99,1000000,Team 17 Digital Limited,https://play.google.com/store/apps/details?id=com.worms3.app,4990000.0
66,Ms. PAC-MAN,GAME_ARCADE,4.3,5519,3.99,100000,BANDAI NAMCO Entertainment America Inc.,https://play.google.com/store/apps/details?id=com.NamcoNetworks.MsPacMan,399000.0
67,Robot Unicorn Attack,GAME_ARCADE,3.9,11348,0.99,100000,[adult swim] games,https://play.google.com/store/apps/details?id=com.RobotUnicornAttack,99000.0
68,Marvel Pinball,GAME_ARCADE,3.9,8505,0.99,100000,Zen Studios,https://play.google.com/store/apps/details?id=com.zenstudios.MarvelPinball,99000.0
69,The Impossible Game,GAME_ARCADE,4.1,19824,0.99,500000,FlukeDude,https://play.google.com/store/apps/details?id=com.flukedude.impossiblegame,495000.0
70,Granny Smith,GAME_ARCADE,4.7,41911,1.99,500000,Mediocre,https://play.google.com/store/apps/details?id=com.mediocre.grannysmith,995000.0
71,holedown,GAME_ARCADE,4.5,390,3.99,10000,grapefrukt games,https://play.google.com/store/apps/details?id=com.grapefrukt.games.bore,39900.0
72,Shopkins Run!,GAME_ARCADE,4.3,128,3.99,10000,Mighty Kingdom,https://play.google.com/store/apps/details?id=com.mightykingdom.shopkinsrun,39900.0
73,METAL SLUG 3,GAME_ARCADE,3.7,14170,2.99,100000,SNK CORPORATION,https://play.google.com/store/apps/details?id=com.dotemu.neogeo.mslug3,299000.0
74,Sonic 4â„¢ Episode I,GAME_ARCADE,3.7,8210,2.99,100000,SEGA,https://play.google.com/store/apps/details?id=com.sega.sonic4epi,299000.0
75,The Game of Life,GAME_BOARD,4.4,23502,2.99,500000,Marmalade Game Studio,https://play.google.com/store/apps/details?id=com.marmalade.golmobile,1495000.0
76,Clue,GAME_BOARD,4.6,23998,1.99,100000,Marmalade Game Studio,https://play.google.com/store/apps/details?id=com.marmalade.cluedogame,199000.0
77,Legends of Andor â€“ The Kingâ€™s Secret,GAME_BOARD,4.5,165,5.99,1000,USM,https://play.google.com/store/apps/details?id=com.usm.andorsecret,5990.0
78,Twice as clever,GAME_BOARD,3.7,15,2.99,500,Brettspielwelt GmbH,https://play.google.com/store/apps/details?id=de.brettspielwelt.doppeltsoclever,1495.0
79,Ticket to Ride,GAME_BOARD,4.2,12723,4.99,100000,Asmodee Digital,https://play.google.com/store/apps/details?id=com.daysofwonder.tt.android,499000.0
80,Pandemic: The Board Game,GAME_BOARD,4.7,4030,4.99,100000,Asmodee Digital,https://play.google.com/store/apps/details?id=com.f2zentertainment.pandemic,499000.0
81,Catan Classic,GAME_BOARD,3.9,25437,4.99,500000,USM,https://play.google.com/store/apps/details?id=com.exozet.android.catan,2495000.0
82,Carcassonne: Official Board Game -Tiles & Tactics,GAME_BOARD,4.4,4403,4.99,50000,Asmodee Digital,https://play.google.com/store/apps/details?id=com.asmodeedigital.carcassonne,249500.0
83,Chess,GAME_BOARD,4.6,5429,1.99,100000,AI Factory Limited,https://play.google.com/store/apps/details?id=uk.co.aifactory.chess,199000.0
84,Hasbro's BATTLESHIP,GAME_BOARD,4.2,1314,2.99,50000,Marmalade Game Studio,https://play.google.com/store/apps/details?id=com.marmalade.battleship,149500.0
85,Splendor,GAME_BOARD,4.1,3164,4.99,100000,Asmodee Digital,https://play.google.com/store/apps/details?id=com.daysofwonder.Splendor.gp,499000.0
86,Ganz schÃ¶n clever,GAME_BOARD,4.2,129,2.99,5000,Brettspielwelt GmbH,https://play.google.com/store/apps/details?id=de.brettspielwelt.ganzschoenclever,14950.000000000002
87,Backgammon,GAME_BOARD,4.1,1892,1.99,50000,AI Factory Limited,https://play.google.com/store/apps/details?id=uk.co.aifactory.backgammon,99500.0
88,Through the Ages,GAME_BOARD,4.9,5988,9.99,10000,CGE digital,https://play.google.com/store/apps/details?id=com.czechgames.tta,99900.0
89,D&D Lords of Waterdeep,GAME_BOARD,3.6,635,6.99,10000,"Playdek, Inc.",https://play.google.com/store/apps/details?id=com.playdekgames.waterdeep,69900.0
90,Race for the Galaxy,GAME_BOARD,4.5,496,6.99,10000,Temple Gates Games LLC,https://play.google.com/store/apps/details?id=com.templegatesgames.RaceAndroid,69900.0
91,Small World 2,GAME_BOARD,4.4,5639,4.99,50000,Asmodee Digital,https://play.google.com/store/apps/details?id=com.daysofwonder.smallworld2,249500.0
92,StrategoÂ® Single Player,GAME_BOARD,3.8,666,2.99,10000,Youda Games Holding B.V.,https://play.google.com/store/apps/details?id=com.youdagames.stratego,29900.000000000004
93,Elder Sign: Omens,GAME_BOARD,4.5,9706,3.99,100000,Fantasy Flight Games,https://play.google.com/store/apps/details?id=com.fantasyflightgames.ESAndroid,399000.0
94,Tokaidoâ„¢,GAME_BOARD,4.2,491,1.99,10000,Funforge Digital,https://play.google.com/store/apps/details?id=com.funforgedigital.tokaido,19900.0
95,Smash Up - The Shufflebuilding Game,GAME_BOARD,3.5,456,3.49,10000,Asmodee Digital,https://play.google.com/store/apps/details?id=com.asmodeedigital.smashup,34900.0
96,Galaxy Trucker,GAME_BOARD,4.8,7702,4.99,50000,CGE digital,https://play.google.com/store/apps/details?id=com.czechgames.galaxytrucker,249500.0
97,Sentinels of the Multiverse,GAME_BOARD,4.5,1052,6.99,10000,Handelabra Games,https://play.google.com/store/apps/details?id=com.handelabra.Sentinels,69900.0
98,Talisman,GAME_BOARD,4.3,7973,3.49,100000,Asmodee Digital,https://play.google.com/store/apps/details?id=com.nomadgames.talisman,349000.0
99,Mysterium: A Psychic Clue Game,GAME_BOARD,4.4,872,3.49,10000,Asmodee Digital,https://play.google.com/store/apps/details?id=com.asmodeedigital.mysterium,34900.0
100,Exploding KittensÂ® - Official,GAME_CARD,4.7,32223,1.99,100000,Exploding Kittens,https://play.google.com/store/apps/details?id=com.explodingkittens.projectbombsquad,199000.0
101,Reigns,GAME_CARD,4.7,142473,2.99,500000,DevolverDigital,https://play.google.com/store/apps/details?id=com.devolver.reigns,1495000.0
102,Skip-Boâ„¢,GAME_CARD,4.4,34694,2.99,100000,Magmic Inc,https://play.google.com/store/apps/details?id=com.magmic.skipbo,299000.0
103,Card Wars - Adventure Time,GAME_CARD,4.3,130157,2.99,1000000,Cartoon Network,https://play.google.com/store/apps/details?id=com.turner.cardwars,2990000.0
104,Reigns: Game of Thrones,GAME_CARD,4.7,8966,3.99,50000,DevolverDigital,https://play.google.com/store/apps/details?id=com.devolver.reignsGot,199500.0
105,Solitaire+,GAME_CARD,4.6,11889,2.99,100000,Brainium Studios,https://play.google.com/store/apps/details?id=com.brainium.solitaire,299000.0
106,Reigns: Her Majesty,GAME_CARD,4.8,15458,2.99,100000,DevolverDigital,https://play.google.com/store/apps/details?id=com.devolver.reigns2,299000.0
107,Meteorfall: Journeys,GAME_CARD,4.7,575,3.99,10000,Slothwerks,https://play.google.com/store/apps/details?id=com.slothwerks.meteorfall,39900.0
108,SET Mania,GAME_CARD,5.0,8,1.99,500,CF Digital,https://play.google.com/store/apps/details?id=com.setgame.setmania,995.0
109,Blackbird,GAME_CARD,4.4,1716,0.99,10000,R. Don Wilson,https://play.google.com/store/apps/details?id=net.donwilson.blackbird,9900.0
110,Card Quest,GAME_CARD,4.7,275,4.99,5000,Black Shell Media,https://play.google.com/store/apps/details?id=com.winterspring.cardquest,24950.0
111,Decked Builder,GAME_CARD,4.3,4273,3.99,50000,Decked Studios,https://play.google.com/store/apps/details?id=com.deckedbuilder.deckedbuilder,199500.0
112,Cribbage Pro Online!,GAME_CARD,4.6,6672,2.99,50000,"Fuller Systems, Inc.",https://play.google.com/store/apps/details?id=com.fullersystems.cribbage.online,149500.0
113,Kemono Mahjong,GAME_CARD,4.9,479,3.99,1000,CyberDog Software,https://play.google.com/store/apps/details?id=com.kemonomahjong.app,3990.0
114,Phase 10,GAME_CARD,4.2,35698,4.99,100000,Magmic Inc,https://play.google.com/store/apps/details?id=com.magmic.phase10,499000.0
115,Spades,GAME_CARD,4.2,582,1.99,10000,AI Factory Limited,https://play.google.com/store/apps/details?id=uk.co.aifactory.spades,19900.0
116,Solitaire Collection Premium,GAME_CARD,4.6,892,1.95,10000,Ruben Reboredo,https://play.google.com/store/apps/details?id=org.rrl.android.solitairecollectiondeluxe,19500.0
117,Solitaire MegaPack,GAME_CARD,4.6,6513,2.99,100000,Tesseract Mobile,https://play.google.com/store/apps/details?id=com.tesseractmobile.solitairemulti,299000.0
118,Spider Solitaire+,GAME_CARD,4.6,3378,2.99,10000,Brainium Studios,https://play.google.com/store/apps/details?id=com.brainium.spider,29900.000000000004
119,Gin Rummy,GAME_CARD,4.2,447,1.99,10000,AI Factory Limited,https://play.google.com/store/apps/details?id=uk.co.aifactory.ginrummy,19900.0
120,Patch Tarot,GAME_CARD,4.8,73,2.99,1000,Spirit Studios Inc,https://play.google.com/store/apps/details?id=com.spiritsciencecentral.patchtarot,2990.0
121,FreeCell Solitaire+,GAME_CARD,4.7,2780,2.99,10000,Brainium Studios,https://play.google.com/store/apps/details?id=com.brainium.freecell,29900.000000000004
122,Euchre,GAME_CARD,4.2,123,1.99,1000,AI Factory Limited,https://play.google.com/store/apps/details?id=uk.co.aifactory.euchre,1990.0
123,The Game - Play ... as long as you can!,GAME_CARD,4.3,55,2.49,1000,Outline Development,https://play.google.com/store/apps/details?id=de.development.outline.thegame,2490.0
124,Munchkin Level Counter,GAME_CARD,4.1,991,4.99,10000,Steve Jackson Games,https://play.google.com/store/apps/details?id=com.sjgames.levelcounter,49900.0
125,VIP Slots Club â˜… VIP Casino,GAME_CASINO,4.6,487,0.99,5000,Duksel Slots & Games,https://play.google.com/store/apps/details?id=com.duksel.slotsclubvip,4950.0
126,Craps Trainer Pro,GAME_CASINO,4.0,340,4.99,10000,E7Systems.com,https://play.google.com/store/apps/details?id=com.e7systems.craps.pro,49900.0
127,Card Counter,GAME_CASINO,4.7,175,2.99,1000,TMSOFT,https://play.google.com/store/apps/details?id=com.tmsoft.cardcounter,2990.0
128,Pokertrainer,GAME_CASINO,4.2,107,0.99,5000,Thomas Karlsson,https://play.google.com/store/apps/details?id=nu.Pokertrainer.Pokertrainer,4950.0
129,Top Money ðŸ’µ Slots (PREMIUM),GAME_CASINO,4.4,140,0.99,1000,Pure Casino Apps,https://play.google.com/store/apps/details?id=com.pure.casino.classic.free.slots.topmoneypremium,990.0
130,Cleopatra Keno,GAME_CASINO,3.3,41,1.99,1000,ejbytes,https://play.google.com/store/apps/details?id=air.com.ejbytes.cleopatrakeno,1990.0
131,Vintage Pachinko,GAME_CASINO,4.0,54,0.99,1000,Smiling Cat Entertainment LTD,https://play.google.com/store/apps/details?id=com.SmilingCatEntertainment.VintagePachinkoA,990.0
132,MEGA Money Slots PAID,GAME_CASINO,4.0,7,1.99,500,Mobile Amusements,https://play.google.com/store/apps/details?id=com.mobileamusements.MegaMoneySlotsPAID,995.0
133,Blackjack Verite Games,GAME_CASINO,4.2,23,34.99,500,QFIT (Norman Wattenberger),https://play.google.com/store/apps/details?id=com.nsbasic.gcbj,17495.0
134,Super Times Pay Poker,GAME_CASINO,4.3,100,1.99,1000,western apps,https://play.google.com/store/apps/details?id=com.horroronthego.Super_Times_Pay_Poker,1990.0
135,Play Perfect Video Poker Pro+,GAME_CASINO,4.0,0,19.99,50,"PlayPerfect, LLC",https://play.google.com/store/apps/details?id=com.playperfectllc.playperfectvpproplus,999.4999999999999
136,Multi-Card Keno,GAME_CASINO,4.5,30,1.99,1000,Lepshy,https://play.google.com/store/apps/details?id=com.horroronthego.Multi_Card_Keno,1990.0
137,Ultimate X Poker,GAME_CASINO,4.2,88,1.99,1000,KFTV,https://play.google.com/store/apps/details?id=com.horroronthego.Ultimate_X_Poker,1990.0
138,Fun Slot Machine Las Vegas Pro,GAME_CASINO,4.5,12,0.99,50,Fortune Wheel of Slot Machine,https://play.google.com/store/apps/details?id=com.fortunewheel.funfreeslotspro,49.5
139,Carnival Fiesta Slots PAID,GAME_CASINO,3.8,54,1.99,1000,Mobile Amusements,https://play.google.com/store/apps/details?id=com.mobileamusements.CarnivalFiestaSlots,1990.0
140,Crock O'Gold Rainbow Slots PAID,GAME_CASINO,,0,1.99,10,Mobile Amusements,https://play.google.com/store/apps/details?id=com.mobileamusements.CrockOGoldSlotsPAID,19.9
141,Blackjack Verite Drills,GAME_CASINO,4.6,17,14.0,500,QFIT (Norman Wattenberger),https://play.google.com/store/apps/details?id=com.nsbasic.bjvdrills,7000.0
142,Speed Rush Las Vegas VIP Slot,GAME_CASINO,4.4,9,0.99,100,Duksel Slots & Games,https://play.google.com/store/apps/details?id=com.duksel.slotspeedrush.vip,99.0
143,Egypt Reels of Luxor Slots PAID,GAME_CASINO,3.9,108,1.99,5000,Mobile Amusements,https://play.google.com/store/apps/details?id=com.mobileamusements.EgyptReelsOfLuxor,9950.0
144,Best Hold,GAME_CASINO,5.0,0,4.99,10,VideoPoker.com,https://play.google.com/store/apps/details?id=com.actiongaming.besthold,49.900000000000006
145,Baccarat Mastery Pro,GAME_CASINO,4.7,6,1.99,100,WebMo IT Pte. Ltd.,https://play.google.com/store/apps/details?id=com.webmoit.baccaratmasterypro,199.0
146,Play Perfect Video Poker Pro,GAME_CASINO,5.0,7,15.0,100,"PlayPerfect, LLC",https://play.google.com/store/apps/details?id=com.playperfectllc.playperfectvppro,1500.0
147,Poker Notes Live - Premium,GAME_CASINO,3.4,21,4.99,500,Robbie Strazynski,https://play.google.com/store/apps/details?id=live.table,2495.0
148,Monkey Money 2 Slots,GAME_CASINO,3.3,90,2.49,5000,616 Digital LLC.,https://play.google.com/store/apps/details?id=com.pokiemagic.MonkeyMoney2,12450.000000000002
149,Wild West Faro,GAME_CASINO,4.9,23,1.49,100,Alpha Innovation Game Studios Ltd.,https://play.google.com/store/apps/details?id=com.AlphaInnovation.WildWestFaroBTT,149.0
150,Let's Create! Pottery,GAME_CASUAL,4.6,27522,4.99,100000,Infinite Dreams,https://play.google.com/store/apps/details?id=pl.idreams.pottery,499000.0
151,Tamagotchi Classic - Gen1,GAME_CASUAL,3.8,793,0.99,50000,BANDAI NAMCO Entertainment Inc.,https://play.google.com/store/apps/details?id=com.bandainamcoent.tamagothiclassicus,49500.0
152,Game Dev Story,GAME_CASUAL,4.6,61931,2.49,500000,"Kairosoft Co.,Ltd",https://play.google.com/store/apps/details?id=net.kairosoft.android.gamedev3en,1245000.0
153,Meme Soundboard PRO 2019,GAME_CASUAL,4.7,862,0.99,10000,Zeptars,https://play.google.com/store/apps/details?id=com.zeptars.memesoundboardpro,9900.0
154,FINAL FANTASY,GAME_CASUAL,3.9,7734,7.99,100000,"SQUARE ENIX Co.,Ltd.",https://play.google.com/store/apps/details?id=com.square_enix.android_googleplay.finalfantasy,799000.0
155,Jazza's Arty Games,GAME_CASUAL,4.8,2980,2.99,50000,Jazza Studios,https://play.google.com/store/apps/details?id=com.JazzaStudios.JazzasArtyGames,149500.0
156,Hidden Folks,GAME_CASUAL,4.8,893,3.99,10000,Adriaan de Jongh,https://play.google.com/store/apps/details?id=com.adriaandejongh.hiddenfolks,39900.0
157,My PlayHome : Play Home Doll House,GAME_CASUAL,4.6,3814,3.49,50000,Shimon Young : Play Home Software,https://play.google.com/store/apps/details?id=com.playhome,174500.0
158,Little Inferno,GAME_CASUAL,4.5,14057,4.99,100000,Tomorrow Corporation,https://play.google.com/store/apps/details?id=com.littleinferno.google,499000.0
159,SpongeBob's Game Frenzy,GAME_CASUAL,4.1,1608,2.99,50000,Nickelodeon,https://play.google.com/store/apps/details?id=com.mtvn.SBminigame,149500.0
160,My PlayHome Hospital,GAME_CASUAL,4.7,1065,2.99,10000,Shimon Young : Play Home Software,https://play.google.com/store/apps/details?id=com.playhome.hospital,29900.000000000004
161,My PlayHome Stores,GAME_CASUAL,4.5,2021,2.99,50000,Shimon Young : Play Home Software,https://play.google.com/store/apps/details?id=com.playhome.stores,149500.0
162,My PlayHome School,GAME_CASUAL,4.6,1711,2.99,50000,Shimon Young : Play Home Software,https://play.google.com/store/apps/details?id=com.playhome.school,149500.0
163,Fieldrunners HD,GAME_CASUAL,3.5,8395,1.99,100000,"Subatomic Studios, LLC",https://play.google.com/store/apps/details?id=com.subatomicstudios,199000.0
164,Grow Spaceship VIP - Galaxy Battle,GAME_CASUAL,4.5,625,0.99,10000,PixelStar Games,https://play.google.com/store/apps/details?id=com.pixelstar.GrowSpaceshipVIP,9900.0
165,supertype,GAME_CASUAL,4.4,85,1.99,5000,Philipp Stollenmayer,https://play.google.com/store/apps/details?id=de.kamibox.typo,9950.0
166,Fieldrunners 2,GAME_CASUAL,4.3,10490,2.99,100000,"Subatomic Studios, LLC",https://play.google.com/store/apps/details?id=com.subatomicstudios.fieldrunners2,299000.0
167,Wedding Dash Deluxe,GAME_CASUAL,3.8,4068,1.99,50000,Glu,https://play.google.com/store/apps/details?id=com.playfirst.playground.weddingdashdeluxe,99500.0
168,SpongeBob Diner Dash Deluxe,GAME_CASUAL,4.1,1257,1.99,10000,Glu,https://play.google.com/store/apps/details?id=com.playfirst.playground.dinerdashspongebobdeluxe,19900.0
169,Brink of Consciousness (Full),GAME_CASUAL,4.2,3957,0.99,10000,Big Fish Games,https://play.google.com/store/apps/details?id=com.bigfishgames.doriangraygoogfull,9900.0
170,Burger Shop 2 Deluxe,GAME_CASUAL,4.9,362,1.99,5000,GoBit Games,https://play.google.com/store/apps/details?id=com.gobit.burgershop2.premium,9950.0
171,Sand! Premium,GAME_CASUAL,4.4,2964,0.99,50000,Single Cell Software,https://play.google.com/store/apps/details?id=com.singlecellsoftware.sandpremium,49500.0
172,Hotel Dash Deluxe,GAME_CASUAL,3.7,3781,1.99,50000,Glu,https://play.google.com/store/apps/details?id=com.playfirst.playground.hoteldashdeluxe,99500.0
173,Virtual Families,GAME_CASUAL,3.9,5517,1.99,100000,"Last Day of Work, LLC",https://play.google.com/store/apps/details?id=com.ldw.android.vf,199000.0
174,Haunted Hotel: Death Sentence (Full),GAME_CASUAL,4.4,1241,2.99,10000,Big Fish Games,https://play.google.com/store/apps/details?id=com.bigfishgames.hhdsgoogfull,29900.000000000004
175,Wonderland : Peter Pan,GAME_EDUCATIONAL,4.5,15,2.99,500,My Town Games Ltd,https://play.google.com/store/apps/details?id=wonderland.peterpan,1495.0
176,Teach Your Monster to Read - Phonics and Reading,GAME_EDUCATIONAL,4.4,786,4.99,100000,Teach Monster Games Limited,https://play.google.com/store/apps/details?id=com.teachyourmonstertoread.tmapp,499000.0
177,Toca Boo,GAME_EDUCATIONAL,4.2,1877,3.99,50000,Toca Boca,https://play.google.com/store/apps/details?id=com.tocaboca.tocaboo,199500.0
178,Toca Blocks,GAME_EDUCATIONAL,4.4,5880,3.99,100000,Toca Boca,https://play.google.com/store/apps/details?id=com.tocaboca.blocks,399000.0
179,My Town : Hospital,GAME_EDUCATIONAL,4.2,915,2.99,10000,My Town Games Ltd,https://play.google.com/store/apps/details?id=mytown.hospital,29900.000000000004
180,Explore Daniel's Neighborhood,GAME_EDUCATIONAL,4.4,1412,2.99,50000,PBS KIDS,https://play.google.com/store/apps/details?id=org.pbskids.dtigerexploreneighborhood,149500.0
181,My Town : Airport,GAME_EDUCATIONAL,4.5,513,2.99,10000,My Town Games Ltd,https://play.google.com/store/apps/details?id=mytown.airport,29900.000000000004
182,Wonderland : Little Mermaid,GAME_EDUCATIONAL,4.5,3769,2.99,100000,My Town Games Ltd,https://play.google.com/store/apps/details?id=wonderland.mermaid,299000.0
183,Toca Mystery House,GAME_EDUCATIONAL,4.3,155,3.99,10000,Toca Boca,https://play.google.com/store/apps/details?id=com.tocaboca.tocamysteryhouse,39900.0
184,Toca Lab: Plants,GAME_EDUCATIONAL,4.2,736,3.99,50000,Toca Boca,https://play.google.com/store/apps/details?id=com.tocaboca.tocalabplants,199500.0
185,Peppa Pig: Holiday,GAME_EDUCATIONAL,3.7,394,2.99,50000,Entertainment One,https://play.google.com/store/apps/details?id=com.peppapig.holiday,149500.0
186,My City : Office,GAME_EDUCATIONAL,4.4,97,2.99,5000,My Town Games Ltd,https://play.google.com/store/apps/details?id=mycity.office,14950.000000000002
187,Daniel Tiger's Stop & Go Potty,GAME_EDUCATIONAL,3.1,146,2.99,10000,PBS KIDS,https://play.google.com/store/apps/details?id=air.org.pbskids.danieltigerpottyapp,29900.000000000004
188,My Town : School,GAME_EDUCATIONAL,4.3,663,2.99,10000,My Town Games Ltd,https://play.google.com/store/apps/details?id=mytown.school,29900.000000000004
189,Learn to Read with Tommy Turtle,GAME_EDUCATIONAL,4.2,1119,2.99,100000,Intellijoy Educational Games for Kids,https://play.google.com/store/apps/details?id=com.intellijoy.android.reading,299000.0
190,BRIO World - Railway,GAME_EDUCATIONAL,4.5,456,2.99,10000,Filimundus AB,https://play.google.com/store/apps/details?id=se.filimundus.briorailway,29900.000000000004
191,Numberblocks - Hide and Seek,GAME_EDUCATIONAL,3.8,17,3.99,500,Blue Zoo,https://play.google.com/store/apps/details?id=uk.co.bluezoo.numberblocks.game1,1995.0
192,Stack the StatesÂ® 2,GAME_EDUCATIONAL,4.4,131,2.99,10000,Dan Russell-Pinson,https://play.google.com/store/apps/details?id=com.freecloud.StackTheStates2,29900.000000000004
193,My Town : Hotel,GAME_EDUCATIONAL,4.2,922,2.99,10000,My Town Games Ltd,https://play.google.com/store/apps/details?id=mytown.hotel,29900.000000000004
194,Dr. Panda Restaurant 2,GAME_EDUCATIONAL,4.3,3792,2.99,100000,Dr. Panda,https://play.google.com/store/apps/details?id=com.tribeplay.pandarestaurant2,299000.0
195,My Town : Best Friends' House,GAME_EDUCATIONAL,4.4,778,2.99,10000,My Town Games Ltd,https://play.google.com/store/apps/details?id=mytown.friendshouse,29900.000000000004
196,My Town : ICEME Amusement Park,GAME_EDUCATIONAL,4.5,243,2.99,10000,My Town Games Ltd,https://play.google.com/store/apps/details?id=mytown.amusementpark,29900.000000000004
197,My City : Dentist visit,GAME_EDUCATIONAL,4.4,138,2.99,5000,My Town Games Ltd,https://play.google.com/store/apps/details?id=mycity.dentist,14950.000000000002
198,Second Grade Learning Games,GAME_EDUCATIONAL,4.4,555,3.99,10000,RosiMosi LLC,https://play.google.com/store/apps/details?id=com.kevinbradford.games.secondgrade,39900.0
199,PAW Patrol Air and Sea Adventures,GAME_EDUCATIONAL,3.9,1997,3.99,100000,Nickelodeon,https://play.google.com/store/apps/details?id=net.pluginmedia.pawpatrolflyer,399000.0
200,Cytus II,GAME_MUSIC,4.7,28549,1.99,100000,Rayark International Limited,https://play.google.com/store/apps/details?id=com.rayark.cytus2,199000.0
201,Incredibox,GAME_MUSIC,4.8,4599,3.99,50000,So Far So Good,https://play.google.com/store/apps/details?id=com.sofarsogood.incredibox,199500.0
202,Lowriders Comeback 2: Cruising,GAME_MUSIC,4.7,701,1.99,10000,MontanaGames,https://play.google.com/store/apps/details?id=com.MontanaGames.Lowriders.Comeback2,19900.0
203,Muse Dash,GAME_MUSIC,4.7,7458,2.99,50000,X.D. Network,https://play.google.com/store/apps/details?id=com.prpr.musedash,149500.0
204,My Singing Monsters Composer,GAME_MUSIC,4.4,297,4.49,1000,Big Blue Bubble,https://play.google.com/store/apps/details?id=com.bigbluebubble.msmcomposer,4490.0
205,Note Rush: Learn to Read Music,GAME_MUSIC,4.4,113,3.99,5000,Thomas Grayston Software,https://play.google.com/store/apps/details?id=com.TGSoftware.NoteRush,19950.0
206,Sonar Beat,GAME_MUSIC,4.7,3,2.49,10,Life Zero,https://play.google.com/store/apps/details?id=com.LifeZero.SonarBeat,24.900000000000002
207,Wonder Parade,GAME_MUSIC,4.7,118,3.99,1000,studioQuare,https://play.google.com/store/apps/details?id=com.studioQuare.WP,3990.0
208,Beat Bugs: Sing-Along,GAME_MUSIC,3.8,5,1.99,100,PlayDate Digital Inc.,https://play.google.com/store/apps/details?id=com.playdatedigital.beatbugs,199.0
209,Learn Music Notes,GAME_MUSIC,4.8,184,1.99,5000,K0RTXTECH,https://play.google.com/store/apps/details?id=air.junglemusic,9950.0
210,Caustic 3.2 HipHop Pack 2,GAME_MUSIC,3.0,2,0.99,100,"Teoti Graphix, LLC",https://play.google.com/store/apps/details?id=com.teotigraphix.hiphop2,99.0
211,Caustic 3.2 DrumSynth Pack 2,GAME_MUSIC,,0,0.99,100,"Teoti Graphix, LLC",https://play.google.com/store/apps/details?id=com.teotigraphix.drumsynth2,99.0
212,Caustic 3.2 Tech House Pack 1,GAME_MUSIC,5.0,2,0.99,100,"Teoti Graphix, LLC",https://play.google.com/store/apps/details?id=com.teotigraphix.techhouse1,99.0
213,Caustic 3.2 Techno Pack 3,GAME_MUSIC,,0,1.49,100,"Teoti Graphix, LLC",https://play.google.com/store/apps/details?id=com.teotigraphix.techno3,149.0
214,MC Lars: The Video Game,GAME_MUSIC,4.9,31,4.99,100,Synersteel Studio,https://play.google.com/store/apps/details?id=com.Synersteel.MCLars,499.0
215,Frederic - Evil Strikes Back,GAME_MUSIC,4.7,18,0.99,100,Forever Entertainment,https://play.google.com/store/apps/details?id=com.forever.frederic2new,99.0
216,Black Metal Man,GAME_MUSIC,4.3,845,0.99,10000,SinSquid Games,https://play.google.com/store/apps/details?id=com.sinsquid.blackmetal,9900.0
217,Piano Master,GAME_MUSIC,4.4,2481,1.99,50000,B77 Entertainment,https://play.google.com/store/apps/details?id=it.b77.pianomaster2,99500.0
218,Piano Flashcards,GAME_MUSIC,4.3,20,2.0,500,Uriel Frankel,https://play.google.com/store/apps/details?id=frankel.uriel.piano,1000.0
219,Drum Pad Beats,GAME_MUSIC,4.9,13,7.99,100,"Teoti Graphix, LLC",https://play.google.com/store/apps/details?id=com.teotigraphix.drumpadbeats,799.0
220,Caustic 3.2 Minimal Pack 2,GAME_MUSIC,5.0,2,0.99,100,"Teoti Graphix, LLC",https://play.google.com/store/apps/details?id=com.teotigraphix.minimal2,99.0
221,Note Fighter Unlimited,GAME_MUSIC,4.2,522,1.99,10000,MythicOwl,https://play.google.com/store/apps/details?id=net.notefighter.android,19900.0
222,A Dance of Fire and Ice,GAME_MUSIC,4.4,434,0.99,5000,Hafiz Azman,https://play.google.com/store/apps/details?id=com.fizzd.connectedworlds,4950.0
223,Beat Beat Vocaloid,GAME_MUSIC,2.5,1046,1.99,10000,kestrel games studio,https://play.google.com/store/apps/details?id=com.kestrel.BBV,19900.0
224,Meow Music,GAME_MUSIC,5.0,2,0.99,10,Eyponr,https://play.google.com/store/apps/details?id=com.eyup.MeowMusicFEE,9.9
225,Scribblenauts Remix,GAME_PUZZLE,4.2,106348,0.99,1000000,Warner Bros. International Enterprises,https://play.google.com/store/apps/details?id=com.wb.goog.scribbleremix,990000.0
226,The Room,GAME_PUZZLE,4.8,238880,0.99,1000000,Fireproof Games,https://play.google.com/store/apps/details?id=com.FireproofStudios.TheRoom,990000.0
227,Scribblenauts Unlimited,GAME_PUZZLE,4.4,12801,4.99,100000,Warner Bros. International Enterprises,https://play.google.com/store/apps/details?id=com.wb.goog.scribblenauts3,499000.0
228,The Room: Old Sins,GAME_PUZZLE,4.9,38757,4.99,100000,Fireproof Games,https://play.google.com/store/apps/details?id=com.FireproofStudios.TheRoom4,499000.0
229,Agent A: A puzzle in disguise,GAME_PUZZLE,4.8,22181,1.29,100000,Yak & Co,https://play.google.com/store/apps/details?id=co.yakand.agentaapuzzleindisguise,129000.0
230,The Room Two,GAME_PUZZLE,4.9,202024,1.99,1000000,Fireproof Games,https://play.google.com/store/apps/details?id=com.FireproofStudios.TheRoom2,1990000.0
231,Florence,GAME_PUZZLE,4.8,5768,2.99,50000,Annapurna Interactive,https://play.google.com/store/apps/details?id=com.mountains.feathertop,149500.0
232,Monument Valley,GAME_PUZZLE,4.8,208449,3.99,1000000,ustwo games,https://play.google.com/store/apps/details?id=com.ustwo.monumentvalley,3990000.0
233,The Room Three,GAME_PUZZLE,4.9,86758,3.99,500000,Fireproof Games,https://play.google.com/store/apps/details?id=com.FireproofStudios.TheRoom3,1995000.0
234,The House of Da Vinci,GAME_PUZZLE,4.8,15650,4.99,100000,Blue Brain Games s.r.o.,https://play.google.com/store/apps/details?id=com.bluebraingames.thehouseofdavinci,499000.0
235,Monument Valley 2,GAME_PUZZLE,4.7,12983,4.99,100000,ustwo games,https://play.google.com/store/apps/details?id=com.ustwo.monumentvalley2,499000.0
236,Bridge Constructor Portal,GAME_PUZZLE,4.9,5464,4.99,100000,Headup,https://play.google.com/store/apps/details?id=com.headupgames.bridgeconstructorportal,499000.0
237,Hitman GO,GAME_PUZZLE,4.6,85906,0.99,500000,SQUARE ENIX Ltd,https://play.google.com/store/apps/details?id=com.squareenixmontreal.hitmango,495000.0
238,Lara Croft GO,GAME_PUZZLE,4.8,60014,0.99,500000,SQUARE ENIX Ltd,https://play.google.com/store/apps/details?id=com.squareenixmontreal.lcgo,495000.0
239,Where's My Water?,GAME_PUZZLE,4.7,189818,1.99,1000000,Disney,https://play.google.com/store/apps/details?id=com.disney.WMW,1990000.0
240,Doodle Godâ„¢,GAME_PUZZLE,4.2,14734,0.99,100000,JoyBits Co. Ltd.,https://play.google.com/store/apps/details?id=joybits.doodlegod,99000.0
241,Legacy 3 - The Hidden Relic,GAME_PUZZLE,4.9,104,2.99,500,No Signal Productions,https://play.google.com/store/apps/details?id=com.nosignalproductions.legacyhidden,1495.0
242,Doodle Godâ„¢ HD,GAME_PUZZLE,4.1,5435,1.99,50000,JoyBits Co. Ltd.,https://play.google.com/store/apps/details?id=joybits.doodlegod_hd,99500.0
243,"Please, Don't Touch Anything",GAME_PUZZLE,4.4,1865,4.99,50000,ForwardXP,https://play.google.com/store/apps/details?id=com.fourquarters.PleaseDontTouchAnything,249500.0
244,Human Resource Machine,GAME_PUZZLE,4.7,1082,4.99,10000,Tomorrow Corporation,https://play.google.com/store/apps/details?id=com.tomorrowcorporation.humanresourcemachine,49900.0
245,Cut the Rope GOLD,GAME_PUZZLE,4.6,64103,0.99,1000000,ZeptoLab,https://play.google.com/store/apps/details?id=com.zeptolab.ctr.paid,990000.0
246,Gorogoa,GAME_PUZZLE,4.7,674,4.99,10000,Annapurna Interactive,https://play.google.com/store/apps/details?id=unity.Annapurna.Gorogoa,49900.0
247,Scalak,GAME_PUZZLE,4.9,888,0.99,1000,Hamster On Coke Games,https://play.google.com/store/apps/details?id=com.hamsteroncoke.scalak,990.0
248,Doodle Devilâ„¢ HD,GAME_PUZZLE,4.2,1185,0.99,10000,JoyBits Co. Ltd.,https://play.google.com/store/apps/details?id=com.joybits.doodledevil_hd_pay,9900.0
249,Deus Ex GO,GAME_PUZZLE,4.5,9975,0.99,100000,SQUARE ENIX Ltd,https://play.google.com/store/apps/details?id=com.squareenixmontreal.deusexgo,99000.0
250,Earn to Die,GAME_RACING,4.5,78922,1.49,1000000,Not Doppler,https://play.google.com/store/apps/details?id=com.notdoppler.earntodie,1490000.0
251,Bike Race Pro by T. F. Games,GAME_RACING,4.7,22449,0.99,100000,Top Free Games.,https://play.google.com/store/apps/details?id=com.topfreegames.bikeraceproworld,99000.0
252,Real Drift Car Racing,GAME_RACING,4.6,54019,0.99,500000,Real Games srls,https://play.google.com/store/apps/details?id=com.realdrift.sipon,495000.0
253,Need for Speed Most Wanted,GAME_RACING,3.9,44742,4.99,1000000,ELECTRONIC ARTS,https://play.google.com/store/apps/details?id=com.ea.games.nfs13_na,4990000.0
254,Motorsport Manager Mobile 3,GAME_RACING,4.7,6370,3.99,100000,Playsport Games,https://play.google.com/store/apps/details?id=com.playsportgames.mmm3,399000.0
255,TRAIL CLIMB,GAME_RACING,3.3,683,0.99,10000,GOOD BOYS,https://play.google.com/store/apps/details?id=com.GB.TRAILCLIMB,9900.0
256,Dirt Trackin,GAME_RACING,4.6,5935,2.99,50000,"Bennett Racing Simulations, LLC",https://play.google.com/store/apps/details?id=com.bennettracingsimulations.dirttrackin,149500.0
257,Riptide GP: Renegade,GAME_RACING,4.7,4730,2.99,100000,Vector Unit,https://play.google.com/store/apps/details?id=com.vectorunit.silver.googleplay,299000.0
258,PJ Masks: Racing Heroes,GAME_RACING,2.7,24,3.99,1000,Entertainment One,https://play.google.com/store/apps/details?id=com.pjmasks.racingheroes,3990.0
259,Rush Rally 2,GAME_RACING,4.5,3096,1.99,50000,Brownmonster Limited,https://play.google.com/store/apps/details?id=brownmonster.app.game.rushrally2,99500.0
260,Dirt Trackin Sprint Cars,GAME_RACING,3.8,636,3.99,10000,"Bennett Racing Simulations, LLC",https://play.google.com/store/apps/details?id=com.dt.sprintcars,39900.0
261,Drag Racing 3D,GAME_RACING,4.4,13645,0.99,100000,REVOLUTION FIST,https://play.google.com/store/apps/details?id=com.mvasiliy.dragracing3d,99000.0
262,Need for Speed Hot Pursuit,GAME_RACING,3.3,4415,4.99,100000,ELECTRONIC ARTS,https://play.google.com/store/apps/details?id=com.eamobile.nfshp_na_wf,499000.0
263,Ricky Carmichael's Motocross,GAME_RACING,3.9,5351,0.99,100000,"2XL Games, Inc.",https://play.google.com/store/apps/details?id=com.twoxlgames.mxmatchup,99000.0
264,Bike Mayhem Mountain Racing,GAME_RACING,4.3,17061,0.99,100000,Best Free Games Inc.,https://play.google.com/store/apps/details?id=mobi.bestfreegames.bike.mayhem.extreme.mountain.racing,99000.0
265,Reckless Racing 3,GAME_RACING,4.4,18107,2.49,100000,Pixelbite,https://play.google.com/store/apps/details?id=com.pixelbite.rr3,249000.00000000003
266,Riptide GP2,GAME_RACING,4.6,37225,1.99,500000,Vector Unit,https://play.google.com/store/apps/details?id=com.vectorunit.red,995000.0
267,ULTRA4 Offroad Racing,GAME_RACING,4.1,3812,1.99,100000,Gigabit Games,https://play.google.com/store/apps/details?id=com.GigaBitGames.Ultra4OffroadRacing,199000.0
268,Outlaws - Sprint Car Racing,GAME_RACING,1.4,5,3.49,100,Game Mode,https://play.google.com/store/apps/details?id=ea.f1championship,349.0
269,Draw Rider Plus,GAME_RACING,4.5,2804,1.99,10000,17Studio,https://play.google.com/store/apps/details?id=com.Studio17.drawriderplus,19900.0
270,Riptide GP,GAME_RACING,4.5,9329,0.99,100000,Vector Unit,https://play.google.com/store/apps/details?id=com.vectorunit.blue,99000.0
271,F1 2016,GAME_RACING,4.1,10861,1.99,100000,Codemasters Software Company Ltd,https://play.google.com/store/apps/details?id=com.codemasters.f12016,199000.0
272,Dirt Racing Mobile 3D,GAME_RACING,4.4,290,3.99,5000,Windowed Universe LLC,https://play.google.com/store/apps/details?id=com.windoweduniverse.dirtracingmobile3d,19950.0
273,Pocket Rally,GAME_RACING,4.2,6736,0.99,100000,Illusion Magic Studio,https://play.google.com/store/apps/details?id=com.IMStudio.PocketRally,99000.0
274,Repulze,GAME_RACING,4.2,1784,1.49,10000,Pixelbite,https://play.google.com/store/apps/details?id=com.pixelbite.Repulze,14900.0
275,Evoland,GAME_ROLE_PLAYING,4.4,7446,0.99,100000,Playdigious,https://play.google.com/store/apps/details?id=air.com.shirogames.evoland12,99000.0
276,Star Warsâ„¢: KOTOR,GAME_ROLE_PLAYING,4.5,40011,9.99,100000,"Aspyr Media, Inc.",https://play.google.com/store/apps/details?id=com.aspyr.swkotor,999000.0
277,Doom & Destiny Advanced,GAME_ROLE_PLAYING,4.7,6949,4.99,50000,Heartbit Interactive Srl,https://play.google.com/store/apps/details?id=hb.doom_and_destiny_advanced,249500.0
278,EvoCreo,GAME_ROLE_PLAYING,4.3,25775,0.99,100000,ilmfinity,https://play.google.com/store/apps/details?id=ilmfinity.evocreo.main.android,99000.0
279,Attack the Light,GAME_ROLE_PLAYING,4.7,19816,2.99,100000,Cartoon Network,https://play.google.com/store/apps/details?id=com.turner.stevenrpg,299000.0
280,Neverwinter Nights: Enhanced Edition,GAME_ROLE_PLAYING,3.6,624,9.99,10000,Beamdog,https://play.google.com/store/apps/details?id=com.beamdog.nwnandroid,99900.0
281,Monster Hunter Stories,GAME_ROLE_PLAYING,4.6,4056,19.99,10000,"CAPCOM CO., LTD.",https://play.google.com/store/apps/details?id=jp.co.capcom.mhsspen,199899.99999999997
282,FINAL FANTASY VII,GAME_ROLE_PLAYING,3.3,7332,15.99,100000,"SQUARE ENIX Co.,Ltd.",https://play.google.com/store/apps/details?id=com.square_enix.android_googleplay.FFVII,1599000.0
283,Alter Ego,GAME_ROLE_PLAYING,4.3,1554,4.99,10000,Choose Multiple LLC,https://play.google.com/store/apps/details?id=com.playalterego.android,49900.0
284,80 Days,GAME_ROLE_PLAYING,4.6,6354,4.99,50000,inkle Ltd,https://play.google.com/store/apps/details?id=com.inkle.eightydays,249500.0
285,Baldur's Gate: Enhanced Edition,GAME_ROLE_PLAYING,4.5,20970,9.99,100000,Beamdog,https://play.google.com/store/apps/details?id=com.beamdog.baldursgateenhancededition,999000.0
286,CHRONO TRIGGER (Upgrade Ver.),GAME_ROLE_PLAYING,3.9,11691,9.99,100000,"SQUARE ENIX Co.,Ltd.",https://play.google.com/store/apps/details?id=com.square_enix.android_googleplay.chrono,999000.0
287,The Bard's Tale,GAME_ROLE_PLAYING,4.6,68766,2.99,500000,inXile entertainment,https://play.google.com/store/apps/details?id=com.inxile.BardTale,1495000.0
288,Evoland 2,GAME_ROLE_PLAYING,4.3,3290,4.99,50000,Playdigious,https://play.google.com/store/apps/details?id=com.playdigious.evoland2,249500.0
289,Day R Premium,GAME_ROLE_PLAYING,4.7,59294,2.49,100000,tltGames,https://play.google.com/store/apps/details?id=com.gm_shaber.dayrpremium,249000.00000000003
290,ICEY,GAME_ROLE_PLAYING,4.5,4158,2.99,50000,X.D. Network,https://play.google.com/store/apps/details?id=com.fantablade.icey,149500.0
291,Rogue Hearts,GAME_ROLE_PLAYING,4.6,7072,0.99,100000,Ninetail Games,https://play.google.com/store/apps/details?id=com.ninetailgames.roguehearts.paid,99000.0
292,DRAGON QUEST,GAME_ROLE_PLAYING,4.2,9946,2.99,100000,"SQUARE ENIX Co.,Ltd.",https://play.google.com/store/apps/details?id=com.square_enix.android_googleplay.dq1_gp,299000.0
293,Pocket Rogues: Ultimate,GAME_ROLE_PLAYING,4.7,1997,0.99,10000,EtherGaming,https://play.google.com/store/apps/details?id=com.EtherGaming.PocketRoguesUltimate,9900.0
294,Goat Simulator MMO Simulator,GAME_ROLE_PLAYING,4.2,5629,4.99,100000,Coffee Stain Publishing,https://play.google.com/store/apps/details?id=com.coffeestainstudios.goatsimulator.mmo,499000.0
295,Hardboiled,GAME_ROLE_PLAYING,4.0,1834,0.99,100000,Game Dev Team,https://play.google.com/store/apps/details?id=ru.gamedevteam.hardboiled,99000.0
296,Battleheart Legacy,GAME_ROLE_PLAYING,4.6,7566,4.99,50000,Mika Mobile,https://play.google.com/store/apps/details?id=com.MikaMobile.BattleheartLegacy,249500.0
297,Guild of Dungeoneering,GAME_ROLE_PLAYING,4.7,4447,5.99,10000,Versus Evil,https://play.google.com/store/apps/details?id=air.com.gambrinous.guildofdungeoneering,59900.0
298,Neo Monsters,GAME_ROLE_PLAYING,4.5,63354,0.99,500000,NTT Resonant Inc.,https://play.google.com/store/apps/details?id=com.pockettrend.neomonsters,495000.0
299,A Dark Room Â®,GAME_ROLE_PLAYING,4.7,6829,1.99,100000,Amir Rajan,https://play.google.com/store/apps/details?id=com.yourcompany.adarkroom,199000.0
300,Mini Metro,GAME_SIMULATION,4.8,16366,0.99,100000,Dinosaur Polo Club,https://play.google.com/store/apps/details?id=nz.co.codepoint.minimetro,99000.0
301,Poly Bridge,GAME_SIMULATION,4.6,3293,0.99,100000,Dry Cactus Limited,https://play.google.com/store/apps/details?id=com.drycactus.polybridge,99000.0
302,Farming Simulator 18,GAME_SIMULATION,4.5,25250,4.99,500000,GIANTS Software,https://play.google.com/store/apps/details?id=com.giantssoftware.fs18.google,2495000.0
303,Goat Simulator,GAME_SIMULATION,4.3,100981,4.99,1000000,Coffee Stain Publishing,https://play.google.com/store/apps/details?id=com.coffeestainstudios.goatsimulator,4990000.0
304,Game Dev Tycoon,GAME_SIMULATION,4.9,21794,4.99,100000,Greenheart Games,https://play.google.com/store/apps/details?id=com.greenheartgames.gdt,499000.0
305,Pocket City,GAME_SIMULATION,4.6,2875,3.99,100000,Codebrew Games,https://play.google.com/store/apps/details?id=com.codebrewgames.pocketcitygame,399000.0
306,FINAL FANTASY TACTICS : WotL,GAME_SIMULATION,4.2,13102,11.99,100000,"SQUARE ENIX Co.,Ltd.",https://play.google.com/store/apps/details?id=com.square_enix.android_googleplay.FFT_en2,1199000.0
307,Infinite Flight - Flight Simulator,GAME_SIMULATION,4.3,57446,4.99,500000,Infinite Flight LLC,https://play.google.com/store/apps/details?id=com.fds.infiniteflight,2495000.0
308,Goat Simulator Payday,GAME_SIMULATION,4.4,3109,4.99,50000,Coffee Stain Publishing,https://play.google.com/store/apps/details?id=com.coffeestainstudios.goatsimulator.payday,249500.0
309,Project Highrise,GAME_SIMULATION,4.6,1009,3.99,10000,Kalypso Media Mobile GmbH,https://play.google.com/store/apps/details?id=com.kalypsomedia.projecthighrise,39900.0
310,Getting Over It with Bennett Foddy,GAME_SIMULATION,3.9,1053,4.99,10000,Noodlecake Studios Inc,https://play.google.com/store/apps/details?id=com.noodlecake.gettingoverit,49900.0
311,Youtubers Life: Gaming Channel,GAME_SIMULATION,4.2,7037,8.99,100000,U-Play Online,https://play.google.com/store/apps/details?id=com.uplayonline.youtubers,899000.0
312,Goat Simulator Waste of Space,GAME_SIMULATION,4.3,4763,4.99,100000,Coffee Stain Publishing,https://play.google.com/store/apps/details?id=com.coffeestainstudios.goatsimulator.wasteofspace,499000.0
313,Pocket Aquarium,GAME_SIMULATION,4.3,125,0.99,10000,LinkLock,https://play.google.com/store/apps/details?id=com.linklock.pocketaquarium,9900.0
314,Farming Simulator 16,GAME_SIMULATION,4.2,34033,2.99,500000,GIANTS Software,https://play.google.com/store/apps/details?id=com.giantssoftware.fs16,1495000.0
315,Construction Simulator 2,GAME_SIMULATION,4.1,7452,2.99,100000,astragon Entertainment GmbH,https://play.google.com/store/apps/details?id=com.astragon.cs2016,299000.0
316,This Is the Police,GAME_SIMULATION,4.3,134,5.49,1000,HandyGames,https://play.google.com/store/apps/details?id=com.hg.titp,5490.0
317,One Hour One Life for Mobile,GAME_SIMULATION,4.5,2029,4.99,10000,Dual Decade,https://play.google.com/store/apps/details?id=com.wereviz.evolution,49900.0
318,SimplePlanes,GAME_SIMULATION,4.4,10074,4.99,100000,"Jundroo, LLC",https://play.google.com/store/apps/details?id=com.jundroo.SimplePlanes,499000.0
319,Farming USA 2,GAME_SIMULATION,4.6,3324,3.99,10000,Bowen Games LLC,https://play.google.com/store/apps/details?id=com.bowengames.farmingusa2,39900.0
320,Truck Simulator PRO 2,GAME_SIMULATION,3.8,1736,5.49,10000,Mageeks Apps & Games,https://play.google.com/store/apps/details?id=com.mageeks.android.trucksimulatorpro2,54900.0
321,911 Operator,GAME_SIMULATION,4.5,3787,6.49,50000,Games Operators,https://play.google.com/store/apps/details?id=com.jutsugames.operator911,324500.0
322,SPACEPLAN,GAME_SIMULATION,4.4,1624,2.99,10000,DevolverDigital,https://play.google.com/store/apps/details?id=com.devolver.spaceplan,29900.000000000004
323,Construction Simulator 2014,GAME_SIMULATION,4.3,103291,0.99,1000000,astragon Entertainment GmbH,https://play.google.com/store/apps/details?id=com.astragon.cs2014,990000.0
324,Ultimate Wolf Simulator,GAME_SIMULATION,4.3,7563,0.99,50000,Gluten Free Games LLC,https://play.google.com/store/apps/details?id=com.glutenfreegames.wolfsimulatortwo,49500.0
325,NBA 2K19,GAME_SPORTS,3.8,6692,7.99,50000,"2K, Inc.",https://play.google.com/store/apps/details?id=com.t2ksports.nba2k19and,399500.0
326,True Skate,GAME_SPORTS,4.4,134297,1.99,1000000,True Axis,https://play.google.com/store/apps/details?id=com.trueaxis.trueskate,1990000.0
327,NBA JAM  by EA SPORTSâ„¢,GAME_SPORTS,4.3,56778,4.99,500000,ELECTRONIC ARTS,https://play.google.com/store/apps/details?id=com.eamobile.nbajam_na_wf,2495000.0
328,Football Manager 2019 Mobile,GAME_SPORTS,4.0,7597,6.99,100000,SEGA,https://play.google.com/store/apps/details?id=football.manager.games.fm19.mobile,699000.0
329,WWE 2K,GAME_SPORTS,3.9,11930,5.99,100000,"2K, Inc.",https://play.google.com/store/apps/details?id=com.t2ksports.wwe2k15mobile,599000.0
330,Skater,GAME_SPORTS,3.8,4586,5.49,50000,The Skater Team,https://play.google.com/store/apps/details?id=com.froschmedia.skater,274500.0
331,Dude Perfect,GAME_SPORTS,4.0,8187,0.99,100000,Dude Perfect,https://play.google.com/store/apps/details?id=com.dudeperfect.dudeperfect,99000.0
332,Clay Hunt PRO,GAME_SPORTS,4.3,272,4.99,5000,Shotgun Gaming Oy,https://play.google.com/store/apps/details?id=com.aleksirantonen.clayhuntpro,24950.0
333,OK Golf,GAME_SPORTS,4.3,1325,2.99,50000,Playdigious,https://play.google.com/store/apps/details?id=com.okidokico.okgolf,149500.0
334,Flick Golf!,GAME_SPORTS,4.3,14496,0.99,500000,Full Fat,https://play.google.com/store/apps/details?id=com.fullfat.android.flickgolf,495000.0
335,R.B.I. Baseball 18,GAME_SPORTS,3.9,329,4.99,5000,"MLB Advanced Media, L.P.",https://play.google.com/store/apps/details?id=com.mlb.RBIBaseball2018,24950.0
336,Duck Life: Space,GAME_SPORTS,4.4,243,1.99,10000,MoFunZone.com,https://play.google.com/store/apps/details?id=com.mad.DuckLifeSpace,19900.0
337,Sumotori Dreams,GAME_SPORTS,4.1,13260,1.39,100000,Gravitysensation,https://play.google.com/store/apps/details?id=com.gravitysensation.sumotori,139000.0
338,Ice Fishing Derby Premium,GAME_SPORTS,4.2,232,2.99,5000,Pishtech LLC,https://play.google.com/store/apps/details?id=com.pishtech.mifdp,14950.000000000002
339,Pumped BMX 3,GAME_SPORTS,4.7,1683,3.99,50000,Noodlecake Studios Inc,https://play.google.com/store/apps/details?id=com.noodlecake.pumped3,199500.0
340,MLB Manager 2018,GAME_SPORTS,3.3,102,4.99,1000,OOTP Developments,https://play.google.com/store/apps/details?id=com.ootpdevelopments.mlbm2018,4990.0
341,Fish-o-niric,GAME_SPORTS,,0,0.99,10,Hugo Raygoza,https://play.google.com/store/apps/details?id=org.godotengine.fishoniric,9.9
342,Duck Life: Retro Pack,GAME_SPORTS,4.1,475,1.79,10000,MoFunZone.com,https://play.google.com/store/apps/details?id=com.MoFunZone.DuckLifeRetroPack,17900.0
343,Pro Strategy Football 2018,GAME_SPORTS,4.3,44,4.99,500,Pro Strategy Games,https://play.google.com/store/apps/details?id=com.batts.psf2017,2495.0
344,Home Run High,GAME_SPORTS,4.7,1247,4.99,10000,"Kairosoft Co.,Ltd",https://play.google.com/store/apps/details?id=net.kairosoft.android.baseball_en,49900.0
345,College BBALL Coach,GAME_SPORTS,4.2,223,0.99,1000,Zolnier Games,https://play.google.com/store/apps/details?id=com.hotmail.zolnier.CollegeBBallCoach,990.0
346,CN Superstar Soccer: Goal!!!,GAME_SPORTS,4.1,4191,2.99,100000,Cartoon Network,https://play.google.com/store/apps/details?id=com.turner.superstarsoccer2,299000.0
347,Shred! 2 - Freeride Mountain Biking,GAME_SPORTS,4.6,374,3.49,1000,ASBO Interactive,https://play.google.com/store/apps/details?id=com.ASBO.Shred2,3490.0
348,Disc Golf Game,GAME_SPORTS,4.3,540,3.99,10000,Jarkko Honkakoski,https://play.google.com/store/apps/details?id=fi.kuvakertomo.discgolfgame,39900.0
349,Athletics 2: Summer Sports,GAME_SPORTS,4.1,2093,1.99,100000,Tangram3D,https://play.google.com/store/apps/details?id=com.tangram3D.Athletics2,199000.0
350,Bloons TD 6,GAME_STRATEGY,4.7,48079,4.99,500000,ninja kiwi,https://play.google.com/store/apps/details?id=com.ninjakiwi.bloonstd6,2495000.0
351,Kingdom Rush Vengeance,GAME_STRATEGY,4.7,20550,4.99,50000,Ironhide Game Studio,https://play.google.com/store/apps/details?id=com.ironhidegames.android.kingdomrush4,249500.0
352,Bloons TD 5,GAME_STRATEGY,4.6,192835,2.99,1000000,ninja kiwi,https://play.google.com/store/apps/details?id=com.ninjakiwi.bloonstd5,2990000.0
353,Age of Civilizations II,GAME_STRATEGY,4.4,4236,1.99,10000,Åukasz Jakowski,https://play.google.com/store/apps/details?id=age.of.civilizations2.jakowski.lukasz,19900.0
354,Papa's Freezeria To Go!,GAME_STRATEGY,4.4,17604,0.99,100000,Flipline Studios,https://play.google.com/store/apps/details?id=air.com.flipline.papasfreezeriatogo,99000.0
355,The Escapists: Prison Escape,GAME_STRATEGY,4.3,9136,6.49,100000,Team 17 Digital Limited,https://play.google.com/store/apps/details?id=com.team17.escapists,649000.0
356,Five Nights at Freddy's 2,GAME_STRATEGY,4.6,75326,2.99,500000,Scott Cawthon,https://play.google.com/store/apps/details?id=com.scottgames.fnaf2,1495000.0
357,ROME: Total War,GAME_STRATEGY,4.5,790,9.99,10000,Feral Interactive,https://play.google.com/store/apps/details?id=com.feralinteractive.rometw,99900.0
358,Rusted Warfare - RTS Strategy,GAME_STRATEGY,4.8,4150,1.99,50000,Corroding games,https://play.google.com/store/apps/details?id=com.corrodinggames.rts,99500.0
359,Civilization Revolution 2,GAME_STRATEGY,3.9,12126,9.99,100000,"2K, Inc.",https://play.google.com/store/apps/details?id=com.t2kgames.civrev2,999000.0
360,First Strike: Final Hour,GAME_STRATEGY,4.3,8772,1.0,100000,Blindflug Studios AG,https://play.google.com/store/apps/details?id=ch.feinheit.games.firststrike,100000.0
361,Papa's Scooperia To Go!,GAME_STRATEGY,4.6,370,1.99,10000,Flipline Studios,https://play.google.com/store/apps/details?id=air.com.flipline.papasscooperiatogo,19900.0
362,Kingdom Rush Frontiers,GAME_STRATEGY,4.7,113297,1.99,500000,Ironhide Game Studio,https://play.google.com/store/apps/details?id=com.ironhidegames.android.kingdomrushfrontiers,995000.0
363,Papa's Burgeria To Go!,GAME_STRATEGY,4.3,6763,0.99,100000,Flipline Studios,https://play.google.com/store/apps/details?id=air.com.flipline.papasburgeriatogo,99000.0
364,Uciana,GAME_STRATEGY,4.6,1311,0.99,50000,Birdshel,https://play.google.com/store/apps/details?id=com.birdshel.Uciana,49500.0
365,XCOMÂ®: Enemy Within,GAME_STRATEGY,4.2,14962,9.99,100000,"2K, Inc.",https://play.google.com/store/apps/details?id=com.tt2kgames.xcomew,999000.0
366,Papa's Pancakeria To Go!,GAME_STRATEGY,4.4,119,1.99,5000,Flipline Studios,https://play.google.com/store/apps/details?id=air.com.flipline.papaspancakeriatogo,9950.0
367,Papa's Pizzeria To Go!,GAME_STRATEGY,4.3,5562,0.99,100000,Flipline Studios,https://play.google.com/store/apps/details?id=air.com.flipline.papaspizzeriatogo,99000.0
368,Kingdom Rush Origins,GAME_STRATEGY,4.8,88438,2.99,500000,Ironhide Game Studio,https://play.google.com/store/apps/details?id=com.ironhidegames.android.kingdomrushorigins,1495000.0
369,Door Kickers,GAME_STRATEGY,4.6,8042,3.99,100000,KillHouse Games,https://play.google.com/store/apps/details?id=com.khg.doorkickers,399000.0
370,Papa's Cupcakeria To Go!,GAME_STRATEGY,4.5,2140,1.99,50000,Flipline Studios,https://play.google.com/store/apps/details?id=air.com.flipline.papascupcakeriatogo,99500.0
371,"Warhammer 40,000: Regicide",GAME_STRATEGY,4.2,4174,0.99,50000,Hammerfall Publishing Global,https://play.google.com/store/apps/details?id=com.hammerfall.regicide,49500.0
372,Teeny Titans - Teen Titans Go!,GAME_STRATEGY,4.6,21671,3.99,100000,Cartoon Network,https://play.google.com/store/apps/details?id=com.turner.ttgfigures,399000.0
373,Rebuild 3: Gangs of Deadsville,GAME_STRATEGY,4.6,4739,4.99,50000,Northway Games,https://play.google.com/store/apps/details?id=air.com.sarahnorthway.rebuild3,249500.0
374,Organ Trail: Director's Cut,GAME_STRATEGY,4.4,6420,2.99,100000,The Men Who Wear Many Hats LLC,https://play.google.com/store/apps/details?id=com.hatsproductions.OrganTrail,299000.0
375,Trivia Crack (No Ads),GAME_TRIVIA,4.5,61210,5.99,500000,Etermax,https://play.google.com/store/apps/details?id=com.etermax.preguntados.pro,2995000.0
376,Sporcle,GAME_TRIVIA,3.5,1507,1.99,50000,"Sporcle, Inc",https://play.google.com/store/apps/details?id=com.sporcle,99500.0
377,BLeBRiTY,GAME_TRIVIA,4.3,459,0.99,10000,"Communicating Rooks, LLC",https://play.google.com/store/apps/details?id=com.happeningnow.blebrity,9900.0
378,The Jackbox Party Pack,GAME_TRIVIA,4.3,31,24.99,1000,"Jackbox Games, Inc. N",https://play.google.com/store/apps/details?id=com.jackboxgames.JackboxPartyLoaderFull,24990.0
379,The Jackbox Party Pack 5,GAME_TRIVIA,3.5,2,29.99,500,"Jackbox Games, Inc. N",https://play.google.com/store/apps/details?id=com.jackboxgames.TJPP5Loader,14995.0
380,Bible Bowl Prep 2019,GAME_TRIVIA,,0,0.99,50,3:16 Apps,https://play.google.com/store/apps/details?id=app.marrvelous.biblebowlprep.v2019,49.5
381,The Jackbox Party Pack 3,GAME_TRIVIA,3.7,9,24.99,1000,"Jackbox Games, Inc. N",https://play.google.com/store/apps/details?id=com.jackboxgames.TJPP3Loader,24990.0
382,The 7 Second Challenge,GAME_TRIVIA,4.1,1068,1.99,10000,Mind Candy Ltd,https://play.google.com/store/apps/details?id=com.mindcandy.sevensecondchallenge,19900.0
383,The Jackbox Party Pack 2,GAME_TRIVIA,3.9,11,24.99,1000,"Jackbox Games, Inc. N",https://play.google.com/store/apps/details?id=com.jackboxgames.JBPP2Loader,24990.0
384,The Black Card Game,GAME_TRIVIA,1.6,8,0.99,100,The App Maker Guru,https://play.google.com/store/apps/details?id=com.mystudio.blackcard,99.0
385,4 Player Reactor (Multiplayer),GAME_TRIVIA,4.7,4375,2.49,50000,cool cherry trees,https://play.google.com/store/apps/details?id=coolcherrytrees.games.reactor4,124500.00000000001
386,Pointless Quiz,GAME_TRIVIA,3.9,4368,1.99,50000,Good Catch,https://play.google.com/store/apps/details?id=com.jam.pointless,99500.0
387,The Jackbox Party Pack 4,GAME_TRIVIA,4.0,4,24.99,1000,"Jackbox Games, Inc. N",https://play.google.com/store/apps/details?id=com.jackboxgames.TJPP4Loader,24990.0
388,Quizoid Pro: Category Trivia with 5 Game modes,GAME_TRIVIA,4.6,1032,2.99,10000,Habanero Quiz Apps,https://play.google.com/store/apps/details?id=de.habanero.quizoidpro,29900.000000000004
389,Penny Dell Jumbo Crosswords,GAME_TRIVIA,4.9,22,9.99,100,PuzzleNation,https://play.google.com/store/apps/details?id=com.puzzlenation.JumboCrosswords1,999.0
390,Einsteinâ„¢ Brain Training,GAME_TRIVIA,4.2,1988,2.99,10000,BBG Entertainment,https://play.google.com/store/apps/details?id=de.bbg.EinsteinHD,29900.000000000004
391,Text Twist 2019,GAME_TRIVIA,1.8,5,2.49,10,App Marketing Center,https://play.google.com/store/apps/details?id=com.texttwist2019,24.900000000000002
392,Lets get wasted 18+ ;),GAME_TRIVIA,5.0,5,0.99,5,Ubisquid,https://play.google.com/store/apps/details?id=ubisquid.Lucky.jon.luckystarsdrinkinggame,4.95
393,SHAPE - the picture trivia quiz,GAME_TRIVIA,,0,1.49,10,DC Thomson Media,https://play.google.com/store/apps/details?id=com.dctmedia.shapesdeluxe,14.9
394,QuizBash - Party Games in Your Pocket!,GAME_TRIVIA,5.0,11,1.49,100,QuizBash,https://play.google.com/store/apps/details?id=com.quizbash.quizbash,149.0
395,The Ultimate Trivia Challenge,GAME_TRIVIA,,0,4.99,10,LoadUpGames.com,https://play.google.com/store/apps/details?id=com.loadupgames.ultimatetriviachallenge,49.900000000000006
396,Quizio PRO: Quiz game,GAME_TRIVIA,4.0,1709,0.99,100000,Valery Bodak,https://play.google.com/store/apps/details?id=com.quiziopro,99000.0
397,Wer Wird MillionÃ¤r?,GAME_TRIVIA,3.9,1249,2.49,50000,Sony Pictures Television UK Rights Ltd,https://play.google.com/store/apps/details?id=com.sony.wwtbam2014german,124500.00000000001
398,The Office Fan Quiz (No Ads),GAME_TRIVIA,,0,2.49,10,Pocket Alpha,https://play.google.com/store/apps/details?id=com.pocketalpha.quiz.officenoads,24.900000000000002
399,HQ Trivia Helper Unlimited,GAME_TRIVIA,1.9,33,2.99,100,LicketyCut,https://play.google.com/store/apps/details?id=com.licketycut.hqhelper.unlimited,299.0
